{"train/loss":1.6625852584838867,"lr":0.0002148129600935362,"_step":2807,"_wandb":{"runtime":383},"_runtime":383.986378667,"val/loss":1.6272724866867065,"_timestamp":1.777013499252807e+09}